<?xml version='1.0' encoding='UTF-8' standalone='no'?>
<!DOCTYPE note [
        <!ELEMENT note (heading,body,nodes)>
        <!ELEMENT heading (#PCDATA)>
        <!ELEMENT body (#PCDATA)>
        <!ELEMENT nodes (link*)>
        <!ELEMENT link (#PCDATA)>
        ]>
<note>
    <heading>Youthink</heading>
    <body>Miguel Angel Carbonell Sevillano</body>
    <nodes>
        <link>/parse/home</link>
        <link>/parse/youthink</link>
        <link>/parse/Maafushi</link>
        <link>/parse/Kuramathi</link>
        <link>/parse/AriAtoll</link>
        <link>/parse/Hulhumale</link>
    </nodes>
</note>