<?xml version="1.0" encoding="UTF-8"?>
<?xml-stylesheet type="text/xsl" href="youthink.xsl"?>

<page>
    <header>
        <title>YouThink</title>
        <option1>Inicio</option1>
        <option2>Actividades</option2>
        <option3>Contacto</option3>
    </header>
<locations>
    <location1>
        <title>Maafushi</title>
        <desc>Maafushi es una de las islas más grandes de Maldivas, también es la más popular del país. Esta situada en el Atolón Kaafu a tan solo 27km de Male su capital o lo que es lo mismo a una hora y media en ferry desde Male. Maafushi tiene una población de unos 3000 habitantes de los cuales más de 300 son extranjeros, es increíble cuanta gente puede llegar a vivir en una isla tan pequeña pero la verdad es que cuando llegamos allí, como en las otras islas que visitamos no nos dio la sensación de que estuviese lleno de gente si no todo lo contrario.</desc>
        <image>Maafushi1.jpg</image>
    </location1>
    <location2>
        <title>Kuramathi</title>
        <desc>Kuramathi​ es la mayor de seis islas (con 2 km de largo) que pertenecen a un pequeño atolón conocido como atolón de Rasdu, subidivisión del atolón Alif Alif, perteneciente a las Maldivas y ubicado a pocas millas del atolón Ari. Kuramathi es una de las ocho islas del complejo vacacional de propiedad y gestionada por Universal Enterprises Limited, una compañía de Maldivas.</desc>
        <image>Kuramathi1.jpg</image>
    </location2>
    <location3>
        <title>AriAtoll</title>
        <desc>Ari Atoll, una de las islas más grandes, está ubicada al oeste del archipiélago. Esta isla esta dividida en dos secciones con fines administrativos, Ari Atoll del sur (consta de 105 islas) y Ari Atoll del norte es la parte designada para el desarrollo turístico en las Maldivas.</desc>
        <image>AriAtoll1.jpg</image>
    </location3>
    <location4>
        <title>Hulhumale</title>
        <desc>Es una isla artificial que posee una superficie de 2,0 km² localizada en la isla de Kaafu, en las Maldivas. Fue construida con el fin de establecer una nueva porción de tierra con la capacidad de albergar la expansión de la región de Malé en lo que a términos de desarrollo inmobiliario, industrial y comercial se refiere. El asentamiento oficial fue inaugurado por el Presidente Gayoom el 12 de mayo de 2004.</desc>
        <image>Hulhumale1.jpg</image>
    </location4>
</locations>
</page>